wind-tara https://www.linkedin.com/in/wind-tara
thomas-wentao-jiang https://www.linkedin.com/in/thomas-wentao-jiang
shelley-zhu-b66071324 https://www.linkedin.com/in/shelley-zhu-b66071324
zekai-zhang-1578251a2 https://www.linkedin.com/in/zekai-zhang-1578251a2
stevexugo https://www.linkedin.com/in/stevexugo
cristian-ponce5 https://www.linkedin.com/in/cristian-ponce5
zarif-azher-260b401bb https://www.linkedin.com/in/zarif-azher-260b401bb
jeremy-straub https://www.linkedin.com/in/jeremy-straub
niamhgavin https://www.linkedin.com/in/niamhgavin
aarushsah https://www.linkedin.com/in/aarushsah
derricklj https://www.linkedin.com/in/derricklj
rohan-virmani https://www.linkedin.com/in/rohan-virmani
huy-vu-94874a130 https://www.linkedin.com/in/huy-vu-94874a130
fiona-wu-955b0582 https://www.linkedin.com/in/fiona-wu-955b0582
alicialin https://www.linkedin.com/in/alicialin
russelldsa https://www.linkedin.com/in/russelldsa
theomonnom https://www.linkedin.com/in/theomonnom
violetcwang https://www.linkedin.com/in/violetcwang
alex-reibman-67951589 https://www.linkedin.com/in/alex-reibman-67951589
yanivmarkovski https://www.linkedin.com/in/yanivmarkovski
andrewyng https://www.linkedin.com/in/andrewyng